{
    "loss": 0.1488843411207199,
    "accuracy": 0.9466666579246521
}