{
    "loss": 0.0506884790956974,
    "accuracy": 0.9733333587646484
}